<?xml version="1.0" encoding="UTF-8" ?>
<odoo>
    <record id="group_vault_export" model="res.groups">
        <field name="name">Allow to export vaults</field>
        <field name="category_id" ref="base.module_category_hidden" />
        <field name="users" eval="[(4, ref('base.user_admin'))]" />
    </record>
    <record id="group_vault_import" model="res.groups">
        <field name="name">Allow to import vaults</field>
        <field name="category_id" ref="base.module_category_hidden" />
        <field name="users" eval="[(4, ref('base.user_admin'))]" />
    </record>
</odoo>
